{"events": [[32790, {"window": null}, 0.010004758834838867], [32774, {}, 0.010004758834838867], [32776, {}, 0.010004758834838867], [32785, {}, 1.1574935913085938], [32776, {}, 1.1574935913085938], [32783, {}, 4.617859601974487], [1024, {"pos": [271, 586], "rel": [271, 586]}, 4.617859601974487], [1024, {"pos": [280, 574], "rel": [9, -12]}, 4.631862163543701], [1024, {"rel": [17, -25], "pos": [297, 549]}, 4.644857406616211], [1024, {"rel": [16, -25], "pos": [313, 524]}, 4.656859874725342], [1024, {"pos": [321, 513], "rel": [8, -11]}, 4.668853044509888], [1024, {"pos": [334, 493], "rel": [13, -20]}, 4.681854963302612], [1024, {"rel": [10, -14], "pos": [344, 479]}, 4.693874835968018], [1024, {"rel": [3, -4], "pos": [347, 475]}, 4.707854747772217], [1024, {"pos": [349, 472], "rel": [2, -3]}, 4.720845699310303], [1024, {"pos": [350, 472], "rel": [1, 0]}, 4.732842922210693], [1024, {"rel": [0, -1], "pos": [350, 471]}, 4.7568604946136475], [1025, {"pos": [350, 471], "button": 1, "touch": false}, 4.781856298446655], [1026, {"pos": [350, 471], "button": 1, "touch": false}, 4.89984917640686], [1024, {"rel": [-1, -6], "pos": [349, 465]}, 5.253843784332275], [1024, {"rel": [-2, -8], "pos": [347, 457]}, 5.266845226287842], [1024, {"pos": [337, 429], "rel": [-10, -28]}, 5.28084921836853], [1024, {"pos": [328, 403], "rel": [-9, -26]}, 5.294853925704956], [1024, {"pos": [323, 388], "rel": [-5, -15]}, 5.306844711303711], [1024, {"rel": [-11, -24], "pos": [312, 364]}, 5.319849014282227], [1024, {"rel": [-7, -11], "pos": [305, 353]}, 5.332852125167847], [1024, {"pos": [289, 331], "rel": [-16, -22]}, 5.346843957901001], [1024, {"pos": [269, 308], "rel": [-20, -23]}, 5.360841989517212], [1024, {"rel": [-11, -11], "pos": [258, 297]}, 5.373844861984253], [1024, {"pos": [231, 271], "rel": [-27, -26]}, 5.385850667953491], [1024, {"pos": [216, 254], "rel": [-15, -17]}, 5.398849964141846], [1024, {"rel": [-34, -37], "pos": [182, 217]}, 5.412846326828003], [1024, {"rel": [-36, -45], "pos": [146, 172]}, 5.426850080490112], [1024, {"rel": [-33, -38], "pos": [113, 134]}, 5.439847230911255], [1024, {"rel": [-14, -16], "pos": [99, 118]}, 5.451842308044434], [1024, {"pos": [74, 92], "rel": [-25, -26]}, 5.465846300125122], [1024, {"rel": [-11, -8], "pos": [63, 84]}, 5.477853059768677], [1024, {"pos": [41, 78], "rel": [-22, -6]}, 5.4908506870269775], [1024, {"pos": [19, 86], "rel": [-22, 8]}, 5.502843379974365], [1024, {"pos": [6, 98], "rel": [-13, 12]}, 5.515866994857788], [1024, {"rel": [-50, 88], "pos": [0, 186]}, 5.540848970413208], [32784, {}, 5.540848970413208], [32783, {}, 5.61084771156311], [1024, {"rel": [66, 166], "pos": [22, 352]}, 5.61084771156311], [1024, {"rel": [59, 14], "pos": [81, 366]}, 5.622861623764038], [1024, {"pos": [116, 367], "rel": [35, 1]}, 5.634851694107056], [1024, {"pos": [194, 365], "rel": [78, -2]}, 5.647857904434204], [1024, {"pos": [233, 359], "rel": [39, -6]}, 5.661859750747681], [1024, {"pos": [273, 350], "rel": [40, -9]}, 5.661859750747681], [1024, {"pos": [311, 338], "rel": [38, -12]}, 5.673858642578125], [1024, {"rel": [35, -14], "pos": [346, 324]}, 5.687873840332031], [1024, {"rel": [32, -15], "pos": [378, 309]}, 5.687873840332031], [1024, {"rel": [50, -33], "pos": [428, 276]}, 5.700852394104004], [1024, {"rel": [17, -17], "pos": [445, 259]}, 5.714848279953003], [1024, {"rel": [17, -30], "pos": [462, 229]}, 5.727856636047363], [1024, {"pos": [464, 217], "rel": [2, -12]}, 5.739852428436279], [1024, {"pos": [462, 204], "rel": [-2, -13]}, 5.7518696784973145], [1024, {"pos": [450, 192], "rel": [-12, -12]}, 5.763852119445801], [1024, {"pos": [444, 187], "rel": [-6, -5]}, 5.775852203369141], [1024, {"rel": [-8, -8], "pos": [436, 179]}, 5.787855625152588], [1024, {"pos": [435, 176], "rel": [-1, -3]}, 5.800852060317993], [1024, {"rel": [-1, -1], "pos": [434, 175]}, 5.8138511180877686], [1024, {"rel": [0, -1], "pos": [434, 174]}, 5.825854063034058], [1025, {"button": 3, "pos": [434, 174], "touch": false}, 5.874861478805542], [1026, {"button": 3, "pos": [434, 174], "touch": false}, 5.988895654678345], [1024, {"rel": [-3, 0], "pos": [431, 174]}, 6.0948638916015625], [1024, {"pos": [415, 182], "rel": [-16, 8]}, 6.106854677200317], [1024, {"pos": [408, 185], "rel": [-7, 3]}, 6.118865251541138], [1024, {"pos": [402, 187], "rel": [-6, 2]}, 6.13386082649231], [1024, {"rel": [-6, 2], "pos": [396, 189]}, 6.13386082649231], [1024, {"rel": [-10, 5], "pos": [386, 194]}, 6.1468541622161865], [1024, {"rel": [-3, 1], "pos": [383, 195]}, 6.159850120544434], [1024, {"pos": [376, 196], "rel": [-7, 1]}, 6.172854900360107], [1024, {"rel": [-3, 0], "pos": [373, 196]}, 6.18485426902771], [1024, {"rel": [-3, 1], "pos": [370, 197]}, 6.197854280471802], [1024, {"pos": [369, 197], "rel": [-1, 0]}, 6.222851991653442], [1025, {"pos": [369, 197], "button": 1, "touch": false}, 6.3498499393463135], [1026, {"pos": [369, 197], "button": 1, "touch": false}, 6.450865745544434], [1025, {"pos": [369, 197], "button": 1, "touch": false}, 6.55389142036438], [1026, {"pos": [369, 197], "button": 1, "touch": false}, 6.644861459732056], [1025, {"pos": [369, 197], "button": 1, "touch": false}, 6.7168943881988525], [1026, {"pos": [369, 197], "button": 1, "touch": false}, 6.817861557006836], [1024, {"rel": [12, 0], "pos": [381, 197]}, 6.898853778839111], [1024, {"pos": [388, 196], "rel": [7, -1]}, 6.911846160888672], [1024, {"rel": [13, 0], "pos": [401, 196]}, 6.924859285354614], [1024, {"pos": [408, 196], "rel": [7, 0]}, 6.939899682998657], [1024, {"rel": [1, 0], "pos": [409, 196]}, 6.953837633132935], [1025, {"button": 3, "pos": [409, 196], "touch": false}, 6.965872764587402], [1026, {"button": 3, "pos": [409, 196], "touch": false}, 7.146855592727661], [1025, {"pos": [409, 196], "button": 1, "touch": false}, 7.192902088165283], [1026, {"pos": [409, 196], "button": 1, "touch": false}, 7.422870874404907], [1024, {"pos": [408, 196], "rel": [-1, 0]}, 7.51887059211731], [1025, {"pos": [408, 196], "button": 1, "touch": false}, 7.529836177825928], [1026, {"pos": [408, 196], "button": 1, "touch": false}, 7.60483717918396], [1025, {"pos": [408, 196], "button": 1, "touch": false}, 7.687870502471924], [1026, {"pos": [408, 196], "button": 1, "touch": false}, 7.929837465286255], [1025, {"pos": [408, 196], "button": 1, "touch": false}, 7.992887258529663], [1026, {"pos": [408, 196], "button": 1, "touch": false}, 8.087870597839355], [1025, {"pos": [408, 196], "button": 1, "touch": false}, 8.150871515274048], [1026, {"pos": [408, 196], "button": 1, "touch": false}, 8.24483871459961], [1024, {"pos": [411, 196], "rel": [3, 0]}, 8.276838302612305], [1024, {"pos": [421, 195], "rel": [10, -1]}, 8.287835359573364], [1024, {"pos": [427, 194], "rel": [6, -1]}, 8.2998366355896], [1024, {"pos": [440, 189], "rel": [13, -5]}, 8.310869932174683], [1024, {"rel": [11, -5], "pos": [451, 184]}, 8.322834014892578], [1024, {"rel": [6, -3], "pos": [457, 181]}, 8.335841655731201], [1024, {"pos": [463, 178], "rel": [6, -3]}, 8.335841655731201], [1024, {"rel": [10, -4], "pos": [473, 174]}, 8.34683895111084], [1024, {"pos": [486, 169], "rel": [13, -5]}, 8.358835697174072], [1024, {"pos": [500, 163], "rel": [14, -6]}, 8.358835697174072], [1024, {"pos": [520, 157], "rel": [20, -6]}, 8.3688383102417], [1024, {"pos": [542, 150], "rel": [22, -7]}, 8.380840063095093], [1024, {"pos": [592, 133], "rel": [50, -17]}, 8.39183759689331], [1024, {"pos": [616, 126], "rel": [24, -7]}, 8.402833223342896], [1024, {"pos": [639, 118], "rel": [23, -8]}, 8.412837505340576], [1024, {"rel": [21, -8], "pos": [660, 110]}, 8.422837972640991], [1024, {"rel": [35, -14], "pos": [695, 96]}, 8.432840585708618], [1024, {"rel": [24, -12], "pos": [719, 84]}, 8.444839000701904], [1024, {"rel": [11, -6], "pos": [730, 78]}, 8.465834140777588], [1024, {"pos": [741, 71], "rel": [11, -7]}, 8.465834140777588], [1024, {"pos": [752, 64], "rel": [11, -7]}, 8.47786808013916], [1024, {"pos": [774, 49], "rel": [22, -15]}, 8.489837646484375], [1024, {"rel": [11, -8],