{"events": [[32774, {}, 0.011999845504760742], [32785, {}, 0.011999845504760742], [32776, {}, 0.011999845504760742], [32783, {}, 0.7461090087890625], [1024, {"pos": [755, 596], "rel": [0, 0]}, 0.7461090087890625], [1024, {"rel": [-19, -19], "pos": [736, 577]}, 0.7577860355377197], [1024, {"pos": [721, 554], "rel": [-15, -23]}, 0.7699451446533203], [1024, {"pos": [714, 540], "rel": [-7, -14]}, 0.7808554172515869], [1024, {"rel": [-15, -24], "pos": [699, 516]}, 0.7944612503051758], [1024, {"rel": [-6, -10], "pos": [693, 506]}, 0.8054614067077637], [1024, {"rel": [-9, -18], "pos": [684, 488]}, 0.8179891109466553], [1024, {"rel": [-5, -8], "pos": [679, 480]}, 0.8285300731658936], [1024, {"rel": [-5, -9], "pos": [674, 471]}, 0.8409512042999268], [1024, {"rel": [-15, -20], "pos": [659, 451]}, 0.8528139591217041], [1024, {"pos": [649, 439], "rel": [-10, -12]}, 0.864232063293457], [1024, {"rel": [-24, -24], "pos": [625, 415]}, 0.8759939670562744], [1024, {"rel": [-12, -11], "pos": [613, 404]}, 0.8879384994506836], [1024, {"rel": [-21, -16], "pos": [592, 388]}, 0.8999354839324951], [1024, {"pos": [583, 383], "rel": [-9, -5]}, 0.9121382236480713], [1024, {"rel": [-7, -2], "pos": [576, 381]}, 0.9230005741119385], [1024, {"rel": [-1, -1], "pos": [575, 380]}, 0.9342987537384033], [1024, {"pos": [574, 380], "rel": [-1, 0]}, 0.9462347030639648], [1024, {"rel": [-7, 0], "pos": [567, 380]}, 0.9582459926605225], [1024, {"rel": [-17, 0], "pos": [550, 380]}, 0.9702441692352295], [1024, {"pos": [539, 381], "rel": [-11, 1]}, 0.9825270175933838], [1024, {"rel": [-11, 2], "pos": [528, 383]}, 0.9935600757598877], [1024, {"rel": [-22, 3], "pos": [506, 386]}, 1.0060405731201172], [1024, {"rel": [-9, 1], "pos": [497, 387]}, 1.0183446407318115], [1024, {"rel": [-13, 0], "pos": [484, 387]}, 1.0298693180084229], [1024, {"rel": [-4, 0], "pos": [480, 387]}, 1.0412781238555908], [1024, {"rel": [-9, -4], "pos": [471, 383]}, 1.0520224571228027], [1024, {"pos": [468, 380], "rel": [-3, -3]}, 1.0640296936035156], [1024, {"pos": [460, 372], "rel": [-8, -8]}, 1.0771815776824951], [1024, {"rel": [-3, -5], "pos": [457, 367]}, 1.0880227088928223], [1024, {"rel": [-8, -13], "pos": [449, 354]}, 1.099384069442749], [1024, {"rel": [-5, -12], "pos": [444, 342]}, 1.121610403060913], [1024, {"pos": [443, 336], "rel": [-1, -6]}, 1.134352207183838], [768, {"scancode": 30, "unicode": "1", "mod": 0, "key": 49}, 1.694854736328125], [769, {"scancode": 30, "unicode": "1", "key": 49}, 1.8038873672485352], [768, {"key": 50, "unicode": "2", "scancode": 31, "mod": 0}, 1.929933786392212], [769, {"key": 50, "unicode": "2", "scancode": 31}, 2.0208685398101807], [768, {"key": 51, "unicode": "3", "mod": 0, "scancode": 32}, 2.086867094039917], [769, {"key": 51, "unicode": "3", "scancode": 32}, 2.1877663135528564], [768, {"key": 52, "unicode": "4", "mod": 0, "scancode": 33}, 2.7640583515167236], [769, {"key": 52, "unicode": "4", "scancode": 33}, 2.821781873703003], [768, {"scancode": 34, "key": 53, "mod": 0, "unicode": "5"}, 2.9718263149261475], [769, {"scancode": 34, "key": 53, "unicode": "5"}, 3.0478365421295166], [768, {"unicode": "q", "key": 113, "mod": 0, "scancode": 20}, 4.264110565185547], [769, {"unicode": "q", "key": 113, "scancode": 20}, 4.367128610610962], [768, {"mod": 0, "key": 119, "scancode": 26, "unicode": "w"}, 4.521888017654419], [769, {"key": 119, "scancode": 26, "unicode": "w"}, 4.566618919372559], [768, {"key": 101, "scancode": 8, "mod": 0, "unicode": "e"}, 4.826866626739502], [769, {"key": 101, "scancode": 8, "unicode": "e"}, 4.895106554031372], [768, {"key": 114, "unicode": "r", "mod": 0, "scancode": 21}, 5.0788750648498535], [769, {"key": 114, "unicode": "r", "scancode": 21}, 5.1441969871521], [768, {"scancode": 23, "unicode": "t", "mod": 0, "key": 116}, 5.2771124839782715], [769, {"scancode": 23, "unicode": "t", "key": 116}, 5.33422589302063], [1024, {"pos": [443, 335], "rel": [0, -1]}, 6.770421266555786], [1024, {"rel": [14, -14], "pos": [457, 321]}, 6.7821044921875], [1024, {"rel": [11, -9], "pos": [468, 312]}, 6.796003580093384], [1024, {"rel": [21, -19], "pos": [489, 293]}, 6.807059288024902], [1024, {"pos": [501, 283], "rel": [12, -10]}, 6.8179731369018555], [1024, {"pos": [525, 265], "rel": [24, -18]}, 6.829976797103882], [1024, {"rel": [12, -9], "pos": [537, 256]}, 6.842254400253296], [1024, {"pos": [550, 247], "rel": [13, -9]}, 6.852972030639648], [1024, {"pos": [580, 229], "rel": [30, -18]}, 6.864969491958618], [1024, {"pos": [603, 216], "rel": [23, -13]}, 6.877482652664185], [1024, {"rel": [31, -19], "pos": [634, 197]}, 6.888270854949951], [1024, {"rel": [17, -10], "pos": [651, 187]}, 6.899242639541626], [1024, {"rel": [16, -10], "pos": [667, 177]}, 6.910505771636963], [1024, {"rel": [29, -15], "pos": [696, 162]}, 6.922233819961548], [1024, {"pos": [707, 155], "rel": [11, -7]}, 6.934092044830322], [1024, {"pos": [722, 143], "rel": [15, -12]}, 6.945882558822632], [1024, {"rel": [3, -4], "pos": [725, 139]}, 6.95788311958313], [1024, {"rel": [5, -10], "pos": [730, 129]}, 6.969877004623413], [1024, {"pos": [733, 120], "rel": [3, -9]}, 6.982841968536377], [1024, {"rel": [2, -5], "pos": [735, 115]}, 6.994879245758057], [1024, {"rel": [4, -10], "pos": [739, 105]}, 7.0059192180633545], [1024, {"rel": [5, -10], "pos": [744, 95]}, 7.027041912078857], [1024, {"rel": [2, -5], "pos": [746, 90]}, 7.037856340408325], [1024, {"pos": [752, 81], "rel": [6, -9]}, 7.0498948097229], [1024, {"pos": [757, 73], "rel": [5, -8]}, 7.061856031417847], [1024, {"pos": [758, 69], "rel": [1, -4]}, 7.072856187820435], [1024, {"rel": [1, -2], "pos": [759, 67]}, 7.082859992980957], [1024, {"pos": [759, 64], "rel": [0, -3]}, 7.094051361083984], [1024, {"pos": [760, 63], "rel": [1, -1]}, 7.105579614639282], [1024, {"pos": [761, 63], "rel": [1, 0]}, 7.11729097366333], [1024, {"rel": [3, 0], "pos": [764, 63]}, 7.149766683578491], [1024, {"rel": [3, 0], "pos": [767, 63]}, 7.160801649093628], [1024, {"rel": [7, 0], "pos": [774, 63]}, 7.171978235244751], [1024, {"pos": [778, 63], "rel": [4, 0]}, 7.183769941329956], [1024, {"rel": [4, 0], "pos": [782, 63]}, 7.183769941329956], [1024, {"pos": [788, 63], "rel": [6, 0]}, 7.194970369338989], [1024, {"rel": [6, -2], "pos": [794, 61]}, 7.205914258956909], [1024, {"pos": [798, 59], "rel": [4, -2]}, 7.217763423919678], [1024, {"pos": [806, 56], "rel": [8, -3]}, 7.2298643589019775], [1024, {"rel": [4, -2], "pos": [810, 54]}, 7.240900993347168], [1024, {"pos": [819, 48], "rel": [9, -6]}, 7.252894878387451], [1024, {"rel": [12, -8], "pos": [831, 40]}, 7.264890432357788], [1024, {"rel": [6, -3], "pos": [837, 37]}, 7.275718927383423], [1024, {"rel": [4, -2], "pos": [841, 35]}, 7.287487268447876], [1024, {"pos": [844, 32], "rel": [3, -3]}, 7.298647403717041], [1024, {"pos": [846, 29], "rel": [2, -3]}, 7.310830116271973], [1024, {"pos": [847, 29], "rel": [1, 0]}, 7.377073287963867], [1024, {"pos": [849, 28], "rel": [2, -1]}, 7.3888726234436035], [1024, {"rel": [1, -2], "pos": [850, 26]}, 7.40087366104126], [1024, {"pos": [850, 23], "rel": [0, -3]}, 7.411121129989624], [1024, {"rel": [1, -1], "pos": [851, 22]}, 7.422128677368164], [1024, {"rel": [0, -2], "pos": [851, 20]}, 7.432873010635376], [1024, {"rel": [0, -2], "pos": [851, 18]}, 7.443903207778931], [1024, {"rel": [0, -4], "pos": [851, 14]}, 7.455899715423584], [1024, {"rel": [4, -6], "pos": [855, 8]}, 7.466904401779175], [1024, {"pos": [857, 5], "rel": [2, -3]}, 7.4789135456085205], [1024, {"rel": [2, -3], "pos": [859, 2]}, 7.490188360214233], [1024, {"rel": [3, -4], "pos": [862, 0]}, 7.501903533935547], [32784, {}, 7.501903533935547], [32787, {}, 7.7631518840789795], [256, {}, 7.7631518840789795]], "random_seed": null}